type,name,module,path,hash
"csv","agent-manifest","_config","_config/agent-manifest.csv","fbb1636f340b3e7d6052d39680b21a6d03f8ece2247f8983929db4470f4431e0"
"csv","task-manifest","_config","_config/task-manifest.csv","f1581a8d78f818b0d8ac2a84bf13b74dec26f7a6b9696d9d4d277d239ec4ff68"
"csv","workflow-manifest","_config","_config/workflow-manifest.csv","b9191ba1e2c08f5f33e8484da943a615806dfe01c072b520f635a75f04da5f74"
"yaml","manifest","_config","_config/manifest.yaml","9abc44c02d3f975d6c42e9c2ca2e2d16e9f7a95afd0b0449dbf13fb6fa138771"
"csv","default-party","bmgd","bmgd/teams/default-party.csv","d3d3f670e044f8f2224c5545f2b50643c841b958b2316113ca02683ce6f8dfa1"
"csv","game-brain-methods","bmgd","bmgd/workflows/1-preproduction/brainstorm-game/game-brain-methods.csv","9dd6c853bcd04038223abf0263c465381dace3c9b13c9eb637f22ce9dc93210e"
"csv","game-types","bmgd","bmgd/workflows/2-design/gdd/game-types.csv","a44c04d09432c886a7a5a8112474bd32540d8e84de25b308dca0f96e570651fd"
"csv","pattern-categories","bmgd","bmgd/workflows/3-technical/game-architecture/pattern-categories.csv","d9a275931bfed32a65106ce374f2bf8e48ecc9327102a08f53b25818a8c78c04"
"csv","qa-index","bmgd","bmgd/gametest/qa-index.csv","2ee65c867ebd7379f6d170a474f85524acfd2590ae12f3b2f83fb4d4508f4c53"
"md","action-platformer","bmgd","bmgd/workflows/2-design/gdd/game-types/action-platformer.md","f1cbe9e9a52acd01ff120d05ce22fa81b30500933f62a3c6c36642280244057c"
"md","adventure","bmgd","bmgd/workflows/2-design/gdd/game-types/adventure.md","06aa57786c2e7ebc7580d501fcdefaabb28933c7b5785d6643bf643f58ae13e7"
"md","architecture-template","bmgd","bmgd/workflows/3-technical/game-architecture/templates/architecture-template.md","a4908c181b04483c589ece1eb09a39f835b8a0dcb871cb624897531c371f5166"
"md","backlog-template","bmgd","bmgd/workflows/4-production/code-review/backlog-template.md","84b1381c05012999ff9a8b036b11c8aa2f926db4d840d256b56d2fa5c11f4ef7"
"md","balance-testing","bmgd","bmgd/gametest/knowledge/balance-testing.md","01843831d603883219828afbe19784864464277f3bcddb2c104ff05bedbb8053"
"md","card-game","bmgd","bmgd/workflows/2-design/gdd/game-types/card-game.md","6b9298ace2607c8e93d64533e6406828053234282e4977e4407faa2e9302fd0a"
"md","certification-testing","bmgd","bmgd/gametest/knowledge/certification-testing.md","9e7f57aac247f9c4d384b498f749e2e2376b8706066fb60d3e7b9c27d3ffccab"
"md","checklist","bmgd","bmgd/workflows/1-preproduction/game-brief/checklist.md","3516d66cffceb3e5ab23e1ddc9aaed8c0335eb0755e7437488cdebff96162395"
"md","checklist","bmgd","bmgd/workflows/2-design/gdd/checklist.md","d733c5d0118d692710fb7af3018239f4fc01c47fe122437db6d8477d697b3fb3"
"md","checklist","bmgd","bmgd/workflows/2-design/narrative/checklist.md","9bcfa41212cd74869199dba1a7d9cd5691e2bbc49e6b74b11e51c32955477524"
"md","checklist","bmgd","bmgd/workflows/3-technical/game-architecture/checklist.md","1594e633febf7e00b4fa21189cab5ea3a07cb6107eb6b39521780224cdc2c3dc"
"md","checklist","bmgd","bmgd/workflows/4-production/code-review/checklist.md","e30d2890ba5c50777bbe04071f754e975a1d7ec168501f321a79169c4201dd28"
"md","checklist","bmgd","bmgd/workflows/4-production/correct-course/checklist.md","3a6fc88acc293c8527f88d6ca83c670aa5158ac3333fecfc4b53b6352e8f970d"
"md","checklist","bmgd","bmgd/workflows/4-production/create-story/checklist.md","5154aa874c6a79285eba644493e87411c6021baff72859490db6e693d15e0bb9"
"md","checklist","bmgd","bmgd/workflows/4-production/dev-story/checklist.md","630b68c6824a8785003a65553c1f335222b17be93b1bd80524c23b38bde1d8af"
"md","checklist","bmgd","bmgd/workflows/4-production/sprint-planning/checklist.md","80b10aedcf88ab1641b8e5f99c9a400c8fd9014f13ca65befc5c83992e367dd7"
"md","checklist","bmgd","bmgd/workflows/bmgd-quick-flow/quick-dev/checklist.md","ff1cf84e9a2c2388173c7756240266c30b2b7fe987955f996173c5740aa7cc9f"
"md","checklist","bmgd","bmgd/workflows/bmgd-quick-flow/quick-prototype/checklist.md","0c35f21e09728530d299635447e63a8fc664f0a836e1851a091d97c7c479971a"
"md","checklist","bmgd","bmgd/workflows/gametest/automate/checklist.md","b2eefabfba15ccf30a49d46eb0e2b3f9e88304e1c1bbe6febe00d1006d85e155"
"md","checklist","bmgd","bmgd/workflows/gametest/performance/checklist.md","20ab16701d3b0e51b90bcf394f9a74afc40e3db8e04dbdc6fff6f88287639954"
"md","checklist","bmgd","bmgd/workflows/gametest/playtest-plan/checklist.md","7d504957f7edb22081f5ae01b6f35db118414c33b4f612b6cd08b5f71645cbf3"
"md","checklist","bmgd","bmgd/workflows/gametest/test-design/checklist.md","5346d6af9545fed2f338834d58624b84598e4527cc21718b77bf9166b8a80840"
"md","checklist","bmgd","bmgd/workflows/gametest/test-framework/checklist.md","cb4e9255f7386eed2244e77d74a9086980950f3d62927f38f6ee7707676c1a39"
"md","checklist","bmgd","bmgd/workflows/gametest/test-review/checklist.md","2444685b29ed742dacfbab77f17cfbc17bd2fd4f91917afb01eb2b9c3f33ffca"
"md","compatibility-testing","bmgd","bmgd/gametest/knowledge/compatibility-testing.md","52647005c34e8219084c35536c6bcdec284936cdaf215cd0c6d130804f3823d7"
"md","fighting","bmgd","bmgd/workflows/2-design/gdd/game-types/fighting.md","52e5a142aac496ae7154fc0829bfbce1ef22296f0a464cf8e595aa14ca02eb86"
"md","game-brief-template","bmgd","bmgd/workflows/1-preproduction/game-brief/templates/game-brief-template.md","6d5555fae3763e8528898663d51276e0cc7d2d9725a8c74162d8e9732dbc5843"
"md","game-context","bmgd","bmgd/workflows/1-preproduction/brainstorm-game/game-context.md","d0f5cb4d6151bb65b799676281ea2af0fe1b5ec227c92ceba655ba363e18a0ba"
"md","gdd-template","bmgd","bmgd/workflows/2-design/gdd/templates/gdd-template.md","070ccbb7f491dc1b1d126245c2e4db4a55dbc5a7ee6a6df4be521ca70e3c9ea6"
"md","godot-testing","bmgd","bmgd/gametest/knowledge/godot-testing.md","8877e3e5d910e81d040e6f8a6a727341f788ecf96f619305e7fbb79a78fa0eff"
"md","horror","bmgd","bmgd/workflows/2-design/gdd/game-types/horror.md","7ff7599d5701bb7a8ef0e14f3ba614626cdd0d8960a8e880fc1cd41c5f508f75"
"md","idle-incremental","bmgd","bmgd/workflows/2-design/gdd/game-types/idle-incremental.md","515b52bb301e467c1f096cc55abde47159bb0b0d87157b9fa565973b48601ddf"
"md","input-testing","bmgd","bmgd/gametest/knowledge/input-testing.md","331c6c844db592deac86847e3982b5fad8ebb7ead322ab637093f92152bfe90d"
"md","instructions","bmgd","bmgd/workflows/1-preproduction/brainstorm-game/instructions.md","bdd6831316a43e7a59ebc098b535c1626c86f735832f7a268b2be45db05c0ddd"
"md","instructions","bmgd","bmgd/workflows/1-preproduction/game-brief/instructions.md","eed7269b51ac55d86986fd17b43d05f48be22321444a5f927e7ddfb1f5b4efe2"
"md","instructions","bmgd","bmgd/workflows/3-technical/game-architecture/instructions.md","8d513aabb9d6591103644f0a23b0276de22a229c7f8363cde0c3565c9f730117"
"md","instructions","bmgd","bmgd/workflows/4-production/correct-course/instructions.md","028597050baab4a6b218ceb5ae6e81bc4fb044f891bd5abc0e9a78f4f82d8862"
"md","instructions","bmgd","bmgd/workflows/4-production/retrospective/instructions.md","a98d0907a85c9af533e251cb41b75296cc6d4e126b826f043a2a652a094227d3"
"md","instructions","bmgd","bmgd/workflows/4-production/sprint-planning/instructions.md","6b4163d6aad7656cb88c464ce03eb70fa01969f643541fa8c92e9698d317974c"
"md","instructions","bmgd","bmgd/workflows/4-production/sprint-status/instructions.md","0e47a299bda42dc57ff86b84ce070d73f00485e949042a19531c46380e42d50f"
"md","instructions","bmgd","bmgd/workflows/bmgd-quick-flow/quick-dev/instructions.md","f2090e0f5045b68166ef3134046a063223ff59d392c2d56b79f31c3f353c47f3"
"md","instructions","bmgd","bmgd/workflows/bmgd-quick-flow/quick-prototype/instructions.md","96ea0a4da3e3dacf1710196987d521137bdd7f57e7bca21a0084596973e7b78c"
"md","instructions","bmgd","bmgd/workflows/bmgd-quick-flow/quick-spec/instructions.md","f1a179db6c73ae71cd30b9e8269672b6ba7b8c2fac9d9b63c331f5186d2f3931"
"md","instructions","bmgd","bmgd/workflows/gametest/automate/instructions.md","7aebebfe598f68454bd837b2ba9d41f3c50623091dc828311f5a41eb51d26f69"
"md","instructions","bmgd","bmgd/workflows/gametest/performance/instructions.md","d9582aa836748b18ae118fd6f7eb06d5d6a2453aa49aa24b0dfe8f3431d3dbd9"
"md","instructions","bmgd","bmgd/workflows/gametest/playtest-plan/instructions.md","831ae91b56224d21d29fbbbc97179f5d4aa59213f93c8a481b2001f757f78b8a"
"md","instructions","bmgd","bmgd/workflows/gametest/test-design/instructions.md","0a9fc1315e87ed52f8df570a13b28a24e731578e66a64643cd1c18dfb8242ff4"
"md","instructions","bmgd","bmgd/workflows/gametest/test-framework/instructions.md","d37520d263e3600cba4082b04ea0c038f45e73e9c0d13fac6abd71df45aca537"
"md","instructions","bmgd","bmgd/workflows/gametest/test-review/instructions.md","9d04e7f79d6dbed1064e52a1d7bfebb1328b073d02fdca2d305cffdd1a0eabea"
"md","instructions","bmgd","bmgd/workflows/workflow-status/init/instructions.md","cda190da90e0b61c83e54b354c8f2627656e75bda5aef6b5021e3f4801038089"
"md","instructions","bmgd","bmgd/workflows/workflow-status/instructions.md","fce63f6362e999d15a31881ab5b8550eb4b7e3422cc36d1d22929e753ee45c94"
"md","instructions-narrative","bmgd","bmgd/workflows/2-design/narrative/instructions-narrative.md","f3f9c6099f186a8984fb1b4a58868bdb7a7992b2e43209d8bb613d6bacc00565"
"md","localization-testing","bmgd","bmgd/gametest/knowledge/localization-testing.md","6eee5cccfd9a81db853a8aa2327bd5f898276155a0868758a2c76c6e9094d0fe"
"md","metroidvania","bmgd","bmgd/workflows/2-design/gdd/game-types/metroidvania.md","2a8c101dda7911d1cd1d9c66d1be86af3725832f5dcc7fab71e95204f45614ea"
"md","moba","bmgd","bmgd/workflows/2-design/gdd/game-types/moba.md","92d0ba9f7508a38d5bfeac1651c6aee8a1a58c54659ad3f0e0d1fd678a1ef498"
"md","multiplayer-testing","bmgd","bmgd/gametest/knowledge/multiplayer-testing.md","51ac9e47ba1a8ddae7720d301f97596d67d72252d91cd44338fd73353fc5969d"
"md","narrative-template","bmgd","bmgd/workflows/2-design/narrative/templates/narrative-template.md","a97e07173c540f85e946eb9c525e1ccad9294ae5f970760f2a9c537b5c0dcd6b"
"md","party-game","bmgd","bmgd/workflows/2-design/gdd/game-types/party-game.md","0cc50b3aede0c45c94cdff743cdac2d8ad67421ea80497a29d2300a1744ea703"
"md","performance-template","bmgd","bmgd/workflows/gametest/performance/performance-template.md","4bd04e73953f2f3dedff20b9032f99023656f141f21c080e49f15060c64ffa80"
"md","performance-testing","bmgd","bmgd/gametest/knowledge/performance-testing.md","b9acfb6f8d20b9f9d2e7b83419298f3053f6fc5dab5cb9005898d133556c09fe"
"md","playtest-template","bmgd","bmgd/workflows/gametest/playtest-plan/playtest-template.md","8fa7654007f4f881f0167cb252b6b9ca63c0735fb9e6ef63a4bc81954b428f47"
"md","playtesting","bmgd","bmgd/gametest/knowledge/playtesting.md","bd989a375d3e444da9b892bf0e33ed98c9f9d88f578f260501c3eaf7553d0b3c"
"md","project-context-template","bmgd","bmgd/workflows/3-technical/generate-project-context/project-context-template.md","4816f83b0edc8c7e19a57e4a4a6419ca40953fc7dcd48326700f2876e77c60fa"
"md","puzzle","bmgd","bmgd/workflows/2-design/gdd/game-types/puzzle.md","f9c08b6f087bfaa41ea08c9dfa78aa034f5ae46b627b9f476bdf8b4f5c3389ed"
"md","qa-automation","bmgd","bmgd/gametest/knowledge/qa-automation.md","1de6d14ea9299a2b73a2da33dff6c5b4c1bf5757365a5449968589baaa123cbc"
"md","racing","bmgd","bmgd/workflows/2-design/gdd/game-types/racing.md","085ea5d0914d7bc6a233c479d0ad6288a575ad1c8b9a8a85881e779fac0e60fc"
"md","regression-testing","bmgd","bmgd/gametest/knowledge/regression-testing.md","bbf85811219194de9df3499277f93427d2cc623384a8f1ac22726067ab6426dd"
"md","rhythm","bmgd","bmgd/workflows/2-design/gdd/game-types/rhythm.md","83bbf1761fdc604b8c2b50ed86c5874cce331417e1b3a46c65cb6c4c1a7c8db2"
"md","roguelike","bmgd","bmgd/workflows/2-design/gdd/game-types/roguelike.md","fb1ebc838011020a6f740e6fb4f2ceb81be8477f9c67bc7ae3a8e34dfe548f00"
"md","rpg","bmgd","bmgd/workflows/2-design/gdd/game-types/rpg.md","5aa57ecefb448a0507ee0c8d503b43bd34d0c612ba130240d1af9842b80cba50"
"md","sandbox","bmgd","bmgd/workflows/2-design/gdd/game-types/sandbox.md","836f656bbaae549f31ac574c0865a61de451c08ab8c561db2c93398e147ece85"
"md","save-testing","bmgd","bmgd/gametest/knowledge/save-testing.md","b64e42def93f604dcfadd6ed81c8950e1d0eb75d936f1da7de3f727323e76201"
"md","shooter","bmgd","bmgd/workflows/2-design/gdd/game-types/shooter.md","2452850295ac2b9fac04ce2d6126bfc19bb7dccbb04c40e7f89c801aecc5555d"
"md","simulation","bmgd","bmgd/workflows/2-design/gdd/game-types/simulation.md","fd74a7d21243f8d9827fe6a99263579309bc0aabd9e56261d3dd4eb5cfc75ad5"
"md","smoke-testing","bmgd","bmgd/gametest/knowledge/smoke-testing.md","41843100e39f9a2d48316623d979cfdeed5f0977db5241a1a52f1049301dcd6f"
"md","sports","bmgd","bmgd/workflows/2-design/gdd/game-types/sports.md","2247ea87dbca74e879f8c686d9e80434618e9e61bd3572739274c1af64cb0bb8"
"md","step-01-discover","bmgd","bmgd/workflows/3-technical/generate-project-context/steps/step-01-discover.md","41a123ead9f18cc92b2d3cf021729593f16250f4891887c7416afa519914b61a"
"md","step-01-init","bmgd","bmgd/workflows/1-preproduction/brainstorm-game/steps/step-01-init.md","b75d967f5a92b22877139edecc8bfcc448a61c18e2b08ea6a26ec370bd8b6682"
"md","step-01-init","bmgd","bmgd/workflows/1-preproduction/game-brief/steps/step-01-init.md","44ec265977e8a7c92cb62ee70ce3b2575077342d527b523751ff95c85a368130"
"md","step-01-init","bmgd","bmgd/workflows/2-design/gdd/steps/step-01-init.md","577da0c95c1d877e61c64a1cc0965a961769c381e91b24a2d65db5095d248a55"
"md","step-01-init","bmgd","bmgd/workflows/2-design/narrative/steps/step-01-init.md","d6d529ad43638a2f83951daa9a20857031b0db727a849e7103516d017d0958d2"
"md","step-01-init","bmgd","bmgd/workflows/3-technical/game-architecture/steps/step-01-init.md","d1fb8e675997d7cf57a46c58d3568e59650f892052afc75a44ce5df78b21bdb7"
"md","step-01b-continue","bmgd","bmgd/workflows/1-preproduction/game-brief/steps/step-01b-continue.md","cf4a04b3c3dad0afea130f644449272ee33709fa902b1dad7edd04da2e3ef159"
"md","step-01b-continue","bmgd","bmgd/workflows/2-design/gdd/steps/step-01b-continue.md","3be24ae601dce8e43accd5abc560f8e7c21dbc18d11364ea13d5f81be9eb36d4"
"md","step-01b-continue","bmgd","bmgd/workflows/2-design/narrative/steps/step-01b-continue.md","7030dd7c20085510c782225e0fb7af7f2115322ab7e2324d71a346aa7809d929"
"md","step-01b-continue","bmgd","bmgd/workflows/3-technical/game-architecture/steps/step-01b-continue.md","b5558cb422f12913a06957132af70d3048141863f17d824926dae426210beadc"
"md","step-02-context","bmgd","bmgd/workflows/1-preproduction/brainstorm-game/steps/step-02-context.md","635bc4c382a3608fb9a738d551e886184a03536a8f4d0e9cfad06c376b020b46"
"md","step-02-context","bmgd","bmgd/workflows/2-design/gdd/steps/step-02-context.md","2e50cc309e4b32ad42f909d543c5de5dc644b3b3a9f356592026b1160179809e"
"md","step-02-context","bmgd","bmgd/workflows/3-technical/game-architecture/steps/step-02-context.md","67005d37340c750b87d220e52e2872cc050d2502d028d8764d372237c7f7a977"
"md","step-02-foundation","bmgd","bmgd/workflows/2-design/narrative/steps/step-02-foundation.md","e08c23c14ed356aa833c39b4b0d7adc0349c7a6d0245e1f34670749f1bc7155c"
"md","step-02-generate","bmgd","bmgd/workflows/3-technical/generate-project-context/steps/step-02-generate.md","efcb26d55245547bf6746f319cd0057e4ad8aff8dd1b0cfacda31ecaa24fa9d4"
"md","step-02-vision","bmgd","bmgd/workflows/1-preproduction/game-brief/steps/step-02-vision.md","49c60f4845024def5fa983301a5d693278e0f1d134e5cdd55a67fa1f81b1941b"
"md","step-03-complete","bmgd","bmgd/workflows/3-technical/generate-project-context/steps/step-03-complete.md","30e45e59228a887210e5791bc9f87e29d459579c423db761d72acd9f154c91d8"
"md","step-03-ideation","bmgd","bmgd/workflows/1-preproduction/brainstorm-game/steps/step-03-ideation.md","f2ef150b3e21471c7fe013a99ce82df200b058e812ee7953471b97967945d71e"
"md","step-03-market","bmgd","bmgd/workflows/1-preproduction/game-brief/steps/step-03-market.md","d2aa5c60a718ff7aebc0dfb360c5a5a9f9043fecabf92ba2d30315c6b17cadea"
"md","step-03-platforms","bmgd","bmgd/workflows/2-design/gdd/steps/step-03-platforms.md","bfc51bfe9f7ce89966ba4c55f6b8a91c88c963cb91fa1d7ac0d325cfaeda9b4e"
"md","step-03-starter","bmgd","bmgd/workflows/3-technical/game-architecture/steps/step-03-starter.md","bba794cf888801d87d844c1816115e03fa093c6427e1ceeeab023e9f9ada66f7"
"md","step-03-story","bmgd","bmgd/workflows/2-design/narrative/steps/step-03-story.md","5f7b855acf3dc73ebf38c141013f4b249c3d5b2ebffdd0ed47423ae0dc82320e"
"md","step-04-characters","bmgd","bmgd/workflows/2-design/narrative/steps/step-04-characters.md","e9cb08ee72e1a69e1940480f0f35cd52790078cf60795e473d55a13ca6d73f1b"
"md","step-04-complete","bmgd","bmgd/workflows/1-preproduction/brainstorm-game/steps/step-04-complete.md","e1b30940510ea3a55cb720b6390dcff9b953bc69c503146f99833a9bc08dcd96"
"md","step-04-decisions","bmgd","bmgd/workflows/3-technical/game-architecture/steps/step-04-decisions.md","6116ee45f5dfc3d2cbf838520d70fc73cadb1b1e6ef9ca236ca3cf216824010e"
"md","step-04-fundamentals","bmgd","bmgd/workflows/1-preproduction/game-brief/steps/step-04-fundamentals.md","a1d5c5b28714dccbca2808f3913ad77c64f1b62fa2d28489ab921207a9d3d1d9"
"md","step-04-vision","bmgd","bmgd/workflows/2-design/gdd/steps/step-04-vision.md","cd42f98af1e7f0c09049382efe3812f9978ceba2cdd75b8eb0e76b4d65be2c6f"
"md","step-05-core-gameplay","bmgd","bmgd/workflows/2-design/gdd/steps/step-05-core-gameplay.md","15ac5f4cea07037b55ad79c289346efa918dd8d9b7500c05e815e003ca39c0d5"
"md","step-05-crosscutting","bmgd","bmgd/workflows/3-technical/game-architecture/steps/step-05-crosscutting.md","50a67e607333419420dc91b19d277b26cf2e5d652a730a833654ffa3ee66587a"
"md","step-05-scope","bmgd","bmgd/workflows/1-preproduction/game-brief/steps/step-05-scope.md","8136ed34e150f7d53383fb0e616921801bd3ecf05bea89b617a32ab26be5b334"
"md","step-05-world","bmgd","bmgd/workflows/2-design/narrative/steps/step-05-world.md","db6ed3bd031c2bd2bbb1b15e62c4bddcae995366bb98de749dea1f461f3db950"
"md","step-06-dialogue","bmgd","bmgd/workflows/2-design/narrative/steps/step-06-dialogue.md","1c18739301bd189f7a855b3fa7c198e8bb0e4b7276f035ded7f8801f8aaf9fda"
"md","step-06-mechanics","bmgd","bmgd/workflows/2-design/gdd/steps/step-06-mechanics.md","e0862966d02b01cb5569d9cd02b45715bd29f27a16c5c1b0e482375e42fa9ac2"
"md","step-06-references","bmgd","bmgd/workflows/1-preproduction/game-brief/steps/step-06-references.md","fe51d2bd700de63c74de980a90cceda6377cf41e1aabf49d86d7e04b5992a802"
"md","step-06-structure","bmgd","bmgd/workflows/3-technical/game-architecture/steps/step-06-structure.md","1059ac4924fea878725f5acbdac4260bdc6780907a6e49271a799bceb5e01414"
"md","step-07-content","bmgd","bmgd/workflows/1-preproduction/game-brief/steps/step-07-content.md","9151548de0597612b5131dbb8832611dafb246daf378342e88f117c5686285a7"
"md","step-07-environmental","bmgd","bmgd/workflows/2-design/narrative/steps/step-07-environmental.md","9746f27f8bb30416950a8f11b2be6ca8161b97d5f7eb5cb9db00eb1c80348242"
"md","step-07-game-type","bmgd","bmgd/workflows/2-design/gdd/steps/step-07-game-type.md","b0a559fece748216f98ea33cc695e351bc9e0cc6919d4aaa905745c7901b9b70"
"md","step-07-patterns","bmgd","bmgd/workflows/3-technical/game-architecture/steps/step-07-patterns.md","98dac8f913d5564810cca931a7a5c4071a57c81e2a695aa64444c119331316a6"
"md","step-08-complete","bmgd","bmgd/workflows/1-preproduction/game-brief/steps/step-08-complete.md","81486ebe85c3c08b74b2a28757b14f0515485e3088c0a809f4ba385036f125fe"
"md","step-08-delivery","bmgd","bmgd/workflows/2-design/narrative/steps/step-08-delivery.md","c5735c41c59321df769300e3e0d71c031a6cab2460d506bbd41f6eb3ec0994d5"
"md","step-08-progression","bmgd","bmgd/workflows/2-design/gdd/steps/step-08-progression.md","c89ad18c0970e05509085bd06f1b0190a86e9300bb3a20a01f64c27dd0df2a69"
"md","step-08-validation","bmgd","bmgd/workflows/3-technical/game-architecture/steps/step-08-validation.md","488df773723d3a7427bffff91d2ad4c95408c8dfbe9d4f468169e3a90e5f0551"
"md","step-09-complete","bmgd","bmgd/workflows/3-technical/game-architecture/steps/step-09-complete.md","6d35e73796aa89e434c4d9eb9df4f65b2b6ff74153f7fe74d0c5b8ba2b31b7f6"
"md","step-09-integration","bmgd","bmgd/workflows/2-design/narrative/steps/step-09-integration.md","a17211f9c9223e9a1573fb14b7bf1da76f83e17a89ce69af062daec6f9cf3fa9"
"md","step-09-levels","bmgd","bmgd/workflows/2-design/gdd/steps/step-09-levels.md","a920835955547e553ad5b544f9c3a847ab9b0040d2600dc95d017206aa120dc7"
"md","step-10-art-audio","bmgd","bmgd/workflows/2-design/gdd/steps/step-10-art-audio.md","dd635d9e3bd19136a99fe9ce62364271db1dde3f554ab500ae505de7722e7d6c"
"md","step-10-production","bmgd","bmgd/workflows/2-design/narrative/steps/step-10-production.md","8415b4fea6b59ac6265a99d596f874f5e709d1705629220a26ae41aaac608afa"
"md","step-11-complete","bmgd","bmgd/workflows/2-design/narrative/steps/step-11-complete.md","db06ae52aaca55dfb408675814ebe1b3af3e8ffc886c1f55e6f3833f816b1bf9"
"md","step-11-technical","bmgd","bmgd/workflows/2-design/gdd/steps/step-11-technical.md","61d6b6dd28706a1bbaa4c1ddd0146391ee10be5426438182a23350dc439d8ab2"
"md","step-12-epics","bmgd","bmgd/workflows/2-design/gdd/steps/step-12-epics.md","ae984ad9118381e0d276a3a70245b383ccbfb8272d76f92931e0e2e68fafdb8f"
"md","step-13-metrics","bmgd","bmgd/workflows/2-design/gdd/steps/step-13-metrics.md","184bbc29dc54753bf28fac104215068fbf138a81d74c8363f6ef9176ce24a7b1"
"md","step-14-complete","bmgd","bmgd/workflows/2-design/gdd/steps/step-14-complete.md","1a03344b38602302dd85033c7c87bc563d1b219430db746489137d0b64f8ba1d"
"md","strategy","bmgd","bmgd/workflows/2-design/gdd/game-types/strategy.md","997380919f6c1b408906c364f74e728b9c6b45bf2960d1f0bfe8b0def594735e"
"md","survival","bmgd","bmgd/workflows/2-design/gdd/game-types/survival.md","3647795ee0073a85217633412a41a938e51a553776acbe9ac953fb403e3437f9"
"md","template","bmgd","bmgd/workflows/4-production/create-story/template.md","29ba697368d77e88e88d0e7ac78caf7a78785a7dcfc291082aa96a62948afb67"
"md","test-design-template","bmgd","bmgd/workflows/gametest/test-design/test-design-template.md","3e1811023e6bf76ac1157903999380041fddffdddadfea18ec5872242d1d5eb1"
"md","test-priorities","bmgd","bmgd/gametest/knowledge/test-priorities.md","bf1c726cfcbd44511a97820e1c4d4de1f4b2579ca97cd216f91b91fbeb72e04a"
"md","test-review-template","bmgd","bmgd/workflows/gametest/test-review/test-review-template.md","62f64abc9e42f3014f65b7a663477ea2ae84eea7da423508761535da67d9ad0f"
"md","text-based","bmgd","bmgd/workflows/2-design/gdd/game-types/text-based.md","5895ca65dc93f676bb33b754f2c6be85d5d9b651df87d8431d404dc9bb736ee7"
"md","tower-defense","bmgd","bmgd/workflows/2-design/gdd/game-types/tower-defense.md","03a2cc577fdd1a183ba04409b01b22f2f38713d28f1278481b0f221858f97ec8"
"md","turn-based-tactics","bmgd","bmgd/workflows/2-design/gdd/game-types/turn-based-tactics.md","30a150d8a0ab746f0c67d414be79e7e421fff1b8b7a1b716e64800df72bdb6c2"
"md","unity-testing","bmgd","bmgd/gametest/knowledge/unity-testing.md","24137ebc37c270a8f1a32067ad33647aafd0bab5f4e46706241e5a3820831aee"
"md","unreal-testing","bmgd","bmgd/gametest/knowledge/unreal-testing.md","f20b9d11648ab7916df921183840bc5f8d452e98b54ef447f2ef94054b04b159"
"md","visual-novel","bmgd","bmgd/workflows/2-design/gdd/game-types/visual-novel.md","2d98f4c682f0abbd6330ac1bad04600c596e6b27302adbe9510fc0c0bf53052c"
"md","workflow","bmgd","bmgd/workflows/1-preproduction/brainstorm-game/workflow.md","0cee2a5de70aad957486b692430c37ebc7de9f66a5f548842cb32d0d0c6fd47b"
"md","workflow","bmgd","bmgd/workflows/1-preproduction/game-brief/workflow.md","288b8cc2749d4ca9954e20eb092801d513373061b19ea5cb6192486de4dea859"
"md","workflow","bmgd","bmgd/workflows/2-design/gdd/workflow.md","756afb87e4ba2a2f6c923dc7157f532eaeae044bc1a26ded64bfc495e1dc903c"
"md","workflow","bmgd","bmgd/workflows/2-design/narrative/workflow.md","15f0ca50dcbc7ad12e8ec9341f1e35222b035da437bb85ffdedcfc9a7aa3e2e0"
"md","workflow","bmgd","bmgd/workflows/3-technical/game-architecture/workflow.md","7b37e6faae0087d6e009b9a9b5db6237393f89b1c6928f64c7fac40b41b18d6f"
"md","workflow","bmgd","bmgd/workflows/3-technical/generate-project-context/workflow.md","6ee82a503cfd2ece5b034b6d1a1b66d154ad61f1dc79e864241c4017db31a033"
"xml","instructions","bmgd","bmgd/workflows/4-production/code-review/instructions.xml","d19f60193478ec55e8b383c88f13b2f9eb9e1533b39251b050eb2bf25f2ec3f5"
"xml","instructions","bmgd","bmgd/workflows/4-production/create-story/instructions.xml","1c010269f7473cd477d1bc7581a737062a79cda7b61e30aca7f80d946422bb11"
"xml","instructions","bmgd","bmgd/workflows/4-production/dev-story/instructions.xml","a2e824fbbf54ace573c22717c73639ab7ce74914cb7e5aecca954d2801187725"
"yaml","architecture-patterns","bmgd","bmgd/workflows/3-technical/game-architecture/architecture-patterns.yaml","00b9878fd753b756eec16a9f416b4975945d6439e1343673540da4bccb0b83f5"
"yaml","config","bmgd","bmgd/config.yaml","18552a7527b4f0fab3773305b0d7b84f0f0d9ff4ecaf835cefce5ed876523a3b"
"yaml","decision-catalog","bmgd","bmgd/workflows/3-technical/game-architecture/decision-catalog.yaml","f7fc2ed6ec6c4bd78ec808ad70d24751b53b4835e0aad1088057371f545d3c82"
"yaml","gamedev-brownfield","bmgd","bmgd/workflows/workflow-status/paths/gamedev-brownfield.yaml","5bc8b6da93f6b23f887e2d2c58fb069a3f19940ec02ae82a3dafbc7cecd98a3e"
"yaml","gamedev-greenfield","bmgd","bmgd/workflows/workflow-status/paths/gamedev-greenfield.yaml","b17fd2e60428fdbf32af9ad30b85b2016d2738f175045f3c41e742ce5dfeb9e6"
"yaml","project-levels","bmgd","bmgd/workflows/workflow-status/project-levels.yaml","7faae979120ac99048febb151d290c07ff1a3f75f45a843c225c907c21e523b2"
"yaml","quickflow-brownfield","bmgd","bmgd/workflows/workflow-status/paths/quickflow-brownfield.yaml","e4276a26c52b504578bf0d139988233879433b30c7e6047542f7948dfd487af8"
"yaml","quickflow-greenfield","bmgd","bmgd/workflows/workflow-status/paths/quickflow-greenfield.yaml","3f072164aeb118f3cef2829e5c783345ddb4216099da9111c25f53d8688e1d65"
"yaml","sprint-status-template","bmgd","bmgd/workflows/4-production/sprint-planning/sprint-status-template.yaml","de75fe50bd5e3f4410ccc99fcd3f5dc958733b3829af1b13b4d7b0559bbca22b"
"yaml","team-gamedev","bmgd","bmgd/teams/team-gamedev.yaml","f362ed346e2339a9f07456c3d4cc20431b74c96330c02af902e0324a9fa4ff0d"
"yaml","workflow","bmgd","bmgd/workflows/1-preproduction/brainstorm-game/workflow.yaml","97ae193fc9e15b5432f0f28c129153cd0807d7c1bbc38ec3e34655a3be64215d"
"yaml","workflow","bmgd","bmgd/workflows/1-preproduction/game-brief/workflow.yaml","693c8eef109cb68e0d6fc81f3e638433f3f6e62ab8f6f9c5dd50f353bcb60ecf"
"yaml","workflow","bmgd","bmgd/workflows/2-design/gdd/workflow.yaml","3916778dedc47f6afbce806ff0e52833a2135e66205ae813270c1fdbf194e2a0"
"yaml","workflow","bmgd","bmgd/workflows/2-design/narrative/workflow.yaml","b4974e893276f82be0f7088f2ba40aac85e7313f4e12131fbc0f7079126e688d"
"yaml","workflow","bmgd","bmgd/workflows/3-technical/game-architecture/workflow.yaml","c2ff4e30df343b6b3974bc6ab917b167b6d294ead12f1926cff188616694c165"
"yaml","workflow","bmgd","bmgd/workflows/4-production/code-review/workflow.yaml","e20e33b8bbba6b2b86ef9430b005e168acdf41468292e986c8bc3809c07aa540"
"yaml","workflow","bmgd","bmgd/workflows/4-production/correct-course/workflow.yaml","1e3ed5d1bf7d23c98f0e5bfcaf3372335e4656a35cbce5670203c170242ea927"
"yaml","workflow","bmgd","bmgd/workflows/4-production/create-story/workflow.yaml","ec3afbc57a26bd6b6ced83dc4da9c5066ec19bd3b33e3fa0adabdd6f15245103"
"yaml","workflow","bmgd","bmgd/workflows/4-production/dev-story/workflow.yaml","ac1b72b0b9e46ac2b5d204d64494347414b24c4e06fb275f74333ecc041e727d"
"yaml","workflow","bmgd","bmgd/workflows/4-production/retrospective/workflow.yaml","694a70bd9a1fbb0f996ebbc3160f6d8bb861c7bdcb4b4eaafdd1b1c1ffe65215"
"yaml","workflow","bmgd","bmgd/workflows/4-production/sprint-planning/workflow.yaml","1994fadc4ea0e46df683bdc6b73a1c9b7bf28ca9f321e767dd62ed24eeb930a9"
"yaml","workflow","bmgd","bmgd/workflows/4-production/sprint-status/workflow.yaml","77edce30612db936b2b0736a7504476c090e7f021d8826b0cfc21d8d78fa2f48"
"yaml","workflow","bmgd","bmgd/workflows/bmgd-quick-flow/quick-dev/workflow.yaml","f9949455bca1b4e008eb26690cccb3a7cb965a9d50f706027eaf31bf11ec3458"
"yaml","workflow","bmgd","bmgd/workflows/bmgd-quick-flow/quick-prototype/workflow.yaml","96fa6de39134a0b0660742c97b390045eb7069e512860ada266dc62d47145ea4"
"yaml","workflow","bmgd","bmgd/workflows/bmgd-quick-flow/quick-spec/workflow.yaml","250c7358358cd49b0e850ac6373526d0677912be60d0967939b3be06451c16a0"
"yaml","workflow","bmgd","bmgd/workflows/gametest/automate/workflow.yaml","b2288417061eed7164874a8225733aa6d9fc098ca6700d8043431ee9638c7e07"
"yaml","workflow","bmgd","bmgd/workflows/gametest/performance/workflow.yaml","576a2abbc34d8d2cfeb097baf07a980655a8db3f26ef2371561c00babdbceca9"
"yaml","workflow","bmgd","bmgd/workflows/gametest/playtest-plan/workflow.yaml","b57f9a974a1e28e83181554d6d9705068348e7f9f97487762949a6aa575e5aec"
"yaml","workflow","bmgd","bmgd/workflows/gametest/test-design/workflow.yaml","5a1252742975b2b1fa41dd0d24434e5808306011374004f5d8dd276c8c581374"
"yaml","workflow","bmgd","bmgd/workflows/gametest/test-framework/workflow.yaml","11424fa504c20809e94a574e0e807575fd74abcc4579e4663d111f4e56119d28"
"yaml","workflow","bmgd","bmgd/workflows/gametest/test-review/workflow.yaml","6a1689b44c80c80a23f5cd113757b500a8445a01395de6cbe73e5d18aaada9e6"
"yaml","workflow","bmgd","bmgd/workflows/workflow-status/init/workflow.yaml","3888c2fdf4524b7fd73918b0c0aea148709e9e45b65ed9667df78e2ba8df6429"
"yaml","workflow","bmgd","bmgd/workflows/workflow-status/workflow.yaml","780856bd269f155c99ca2a4fa42896ca697c37b86eb4b7bb2f3901acb5ae3a1f"
"yaml","workflow-status-template","bmgd","bmgd/workflows/workflow-status/workflow-status-template.yaml","5742b41a5b4c23d137ffd89f4097c3c8d0330e116690a24a69ceb56fa3ec5b12"
"csv","brain-methods","core","core/workflows/brainstorming/brain-methods.csv","0ab5878b1dbc9e3fa98cb72abfc3920a586b9e2b42609211bb0516eefd542039"
"csv","methods","core","core/workflows/advanced-elicitation/methods.csv","e08b2e22fec700274982e37be608d6c3d1d4d0c04fa0bae05aa9dba2454e6141"
"md","excalidraw-helpers","core","core/resources/excalidraw/excalidraw-helpers.md","37f18fa0bd15f85a33e7526a2cbfe1d5a9404f8bcb8febc79b782361ef790de4"
"md","library-loader","core","core/resources/excalidraw/library-loader.md","7837112bd0acb5906870dff423a21564879d49c5322b004465666a42c52477ab"
"md","README","core","core/resources/excalidraw/README.md","72de8325d7289128f1c8afb3b0eea867ba90f4c029ca42e66a133cd9f92c285d"
"md","step-01-agent-loading","core","core/workflows/party-mode/steps/step-01-agent-loading.md","cd2ca8ec03576fd495cbaec749b3f840c82f7f0d485c8a884894a72d047db013"
"md","step-01-session-setup","core","core/workflows/brainstorming/steps/step-01-session-setup.md","0437c1263788b93f14b7d361af9059ddbc2cbb576974cbd469a58ea757ceba19"
"md","step-01b-continue","core","core/workflows/brainstorming/steps/step-01b-continue.md","a92fd1825a066f21922c5ac8d0744f0553ff4a6d5fc3fa998d12aea05ea2819c"
"md","step-02-discussion-orchestration","core","core/workflows/party-mode/steps/step-02-discussion-orchestration.md","a9afe48b2c43f191541f53abb3c15ef608f9970fa066dcb501e2c1071e5e7d02"
"md","step-02a-user-selected","core","core/workflows/brainstorming/steps/step-02a-user-selected.md","558b162466745b92687a5d6e218f243a98436dd177b2d5544846c5ff4497cc94"
"md","step-02b-ai-recommended","core","core/workflows/brainstorming/steps/step-02b-ai-recommended.md","99aa935279889f278dcb2a61ba191600a18e9db356dd8ce62f0048d3c37c9531"
"md","step-02c-random-selection","core","core/workflows/brainstorming/steps/step-02c-random-selection.md","f188c260c321c7f026051fefcd267a26ee18ce2a07f64bab7f453c0c3e483316"
"md","step-02d-progressive-flow","core","core/workflows/brainstorming/steps/step-02d-progressive-flow.md","a28c7a3edf34ceb0eea203bf7dc80f39ca04974f6d1ec243f0a088281b2e55de"
"md","step-03-graceful-exit","core","core/workflows/party-mode/steps/step-03-graceful-exit.md","f3299f538d651b55efb6e51ddc3536a228df63f16b1e0129a830cceb8e21303f"
"md","step-03-technique-execution","core","core/workflows/brainstorming/steps/step-03-technique-execution.md","f9a8ee4354fda0b9eb8fe3d30963eeebad76796cd12d9bcc72e4e7e9606b0803"
"md","step-04-idea-organization","core","core/workflows/brainstorming/steps/step-04-idea-organization.md","a1b7a17b95bb1c06fa678f65a56a9ac2fd9655871e99b9378c6b4afa5d574050"
"md","template","core","core/workflows/brainstorming/template.md","5c99d76963eb5fc21db96c5a68f39711dca7c6ed30e4f7d22aedee9e8bb964f9"
"md","validate-json-instructions","core","core/resources/excalidraw/validate-json-instructions.md","0970bac93d52b4ee591a11998a02d5682e914649a40725d623489c77f7a1e449"
"md","workflow","core","core/workflows/brainstorming/workflow.md","4c63ca09925befb1d0641bf22107b60ca723f92d68ccf2170a9c47a821ff0956"
"md","workflow","core","core/workflows/party-mode/workflow.md","851cbc7f57b856390be18464d38512337b52508cc634f327e4522e379c778573"
"xml","index-docs","core","core/tasks/index-docs.xml","13ffd40ccaed0f05b35e4f22255f023e77a6926e8a2f01d071b0b91a4c942812"
"xml","review-adversarial-general","core","core/tasks/review-adversarial-general.xml","05466fd1a0b207dd9987ba1e8674b40060025b105ba51f5b49fe852c44e51f12"
"xml","shard-doc","core","core/tasks/shard-doc.xml","dd4c834b62f9d7fbe4970d10a9c075fe9408195b0ee4c32bbdb699227d45a808"
"xml","workflow","core","core/tasks/workflow.xml","8f7ad9ff1d80251fa5df344ad70701605a74dcfc030c04708650f23b2606851a"
"xml","workflow","core","core/workflows/advanced-elicitation/workflow.xml","063e6aab417f9cc67ae391b1d89ba972fc890c123f8101b7180496d413a63d81"
"yaml","config","core","core/config.yaml","ffec84f40b7bfdffd5c78fb347e28e53f46d70fd8349dcaba31a75a4b63fd272"
